  <linker>
  	<!-- if you are using AWSConfigs.HttpClient.UnityWebRequest option-->

  <assembly fullname="UnityEngine">
  	<type fullname="UnityEngine.Networking.UnityWebRequest" preserve="all" />
  	<type fullname="UnityEngine.Networking.UploadHandlerRaw" preserve="all" />
  	<type fullname="UnityEngine.Networking.UploadHandler" preserve="all" />
  	<type fullname="UnityEngine.Networking.DownloadHandler" preserve="all" />
  	<type fullname="UnityEngine.Networking.DownloadHandlerBuffer" preserve="all" />
  </assembly>
  
  <assembly fullname="mscorlib">
  	<namespace fullname="System.Security.Cryptography" preserve="all"/>
  </assembly>

  <assembly fullname="System">
  	<namespace fullname="System.Security.Cryptography" preserve="all"/>
  </assembly>

  <assembly fullname="AWSSDK.Core" preserve="all">
  	<namespace fullname="Amazon.Util.Internal.PlatformServices" preserve="all"/>
  </assembly>
  <assembly fullname="AWSSDK.CognitoIdentity" preserve="all"/>
  <assembly fullname="AWSSDK.SecurityToken" preserve="all"/>
  <assembly fullname="AWSSDK.S3" preserve="all"/>
  add more services that you need here... 
  </linker>